method,logl,AUC
tsb,-0.540604087,0.9797
vb,-0.11963865,0.9795
sp1,-0.137896667,0.9169
pensp,-0.138623092,0.9169